Name,Website,Categories,Email
Discord,dicord.com,SieveTo_Social,noreply@discord.com
Discord,dicord.com,SieveTo_Social,noreply@discordapp.com
Facebook,facebook.com,SieveTo_Social,notification@facebookmail.com
Facebook,facebook.com,SieveTo_Social,security@facebookmail.com
Facebook,facebook.com,SieveTo_Social,registration@facebookmail.com
GitHub,github.com,SieveTo_Social,noreply@github.com
Instagram,instagram.com,SieveTo_Social,security@mail.instagram.com
Instagram,instagram.com,SieveTo_Social,no-reply@mail.instagram.com
LinkedIn,linkedin.com,SieveTo_Social,security-noreply@linkedin.com
LinkedIn,linkedin.com,SieveTo_Social,notifications-noreply@linkedin.com
LinkedIn,linkedin.com,SieveTo_Social,messages-noreply@linkedin.com
Reddit,reddit.com,SieveTo_Social,noreply@reddit.com
Snapchat,snapchat.com,SieveTo_Social,team@e.snapchat.com
Snapchat,snapchat.com,SieveTo_Social,no_reply@snapchat.com
